cell_type,gene_name,scores,logfoldchanges,pvals,pvals_adj,pct_nz_group,pct_nz_reference
Fibroblast,CFD,83.714836,0.2884711,0.0,0.0,0.9574211991273602,0.9656171344446027
Fibroblast,C1S,67.85126,0.21059823,0.0,0.0,0.983261867148123,0.9639074891959918
Fibroblast,SERPING1,65.787346,0.20182572,0.0,0.0,0.9861957421199128,0.9693688559623878
Fibroblast,GSN,62.587425,0.23000103,0.0,0.0,0.9867223350635673,0.9750201833119627
Fibroblast,C1R,58.892143,0.21201648,0.0,0.0,0.9741217181975476,0.9639549793417865
Fibroblast,MGST1,57.729122,0.19468541,0.0,0.0,0.9436545550289626,0.9780120624970319
Fibroblast,COL6A2,55.834953,0.20247017,0.0,0.0,0.9758519521552697,0.9641924300707603
Fibroblast,S100A10,52.755264,0.20794727,0.0,0.0,0.9549010757541563,0.9689889347960299
Fibroblast,TIMP3,52.588886,0.2163282,0.0,0.0,0.9556533513879485,0.9670893289642399
Fibroblast,S100A11,52.563824,0.18230963,0.0,0.0,0.9651696381554201,0.9744977917082206
Fibroblast,DCN,50.534756,0.27947423,0.0,0.0,0.9929286090423531,0.9639074891959918
Fibroblast,SELENOM,50.098644,0.18103427,0.0,0.0,0.9460618370570977,0.969321365816593
Fibroblast,ANXA2,49.260162,0.19295822,0.0,0.0,0.9658090724441435,0.9671368191100347
Fibroblast,S100A13,48.844757,0.1947253,0.0,0.0,0.9380124877755209,0.9653321935698342
Fibroblast,CD63,47.668255,0.17877951,0.0,0.0,0.9872489280072219,0.9826660967849171
Fibroblast,JUNB,47.110447,0.2286854,0.0,0.0,0.9071315730083502,0.9782970033718004
Fibroblast,ATP6V0E1,46.912434,0.14641447,0.0,0.0,0.913638757240653,0.9890297763214133
Fibroblast,CYBRD1,46.384037,0.20439969,0.0,0.0,0.9060783871210412,0.9717908533979199
Fibroblast,SERPINF1,46.175888,0.2038914,0.0,0.0,0.9724290980215151,0.9652847034240395
Fibroblast,LRP1,45.76414,0.19066109,0.0,0.0,0.9526442488527797,0.9645248610913235
Fibroblast,LGALS1,45.431282,0.18737128,0.0,0.0,0.9710373880989994,0.969321365816593
Fibroblast,TIMP2,45.14607,0.19665313,0.0,0.0,0.9344391785150079,0.970841050482025
Fibroblast,FSTL1,45.118725,0.21262063,0.0,0.0,0.942262845106447,0.9644773709455288
Fibroblast,COL6A1,43.690254,0.1960525,0.0,0.0,0.9609192808244941,0.9641449399249655
Fibroblast,NNMT,43.24609,0.214406,0.0,0.0,0.9438802377191002,0.964619841382913
Fibroblast,CALD1,43.142162,0.18796638,0.0,0.0,0.9770932069510269,0.9640024694875813
Fibroblast,CST3,42.80825,0.20911543,0.0,0.0,0.9914992853381479,0.9785819442465689
Fibroblast,GPX3,42.76054,0.23047759,0.0,0.0,0.9628751974723538,0.9640024694875813
Fibroblast,DSTN,41.847927,0.18565814,0.0,0.0,0.9344015647333183,0.9792468062876953
Fibroblast,ANXA5,41.145706,0.17815983,0.0,0.0,0.906379297374558,0.9785819442465689
Fibroblast,MMP2,40.963264,0.21238114,0.0,0.0,0.9387647634093131,0.9649047822576815
Fibroblast,SELENOP,40.821716,0.18899298,0.0,0.0,0.9051756563604905,0.9748777128745785
Fibroblast,CD81,39.58545,0.1882937,0.0,0.0,0.9665989618596253,0.9814313529942537
Fibroblast,SPARC,37.916485,0.20853207,0.0,0.0,0.9038967877830437,0.9680391318801349
Fibroblast,CEBPD,37.74845,0.20373045,0.0,0.0,0.9723162566764463,0.9679441515885454
Fibroblast,PMP22,36.918423,0.195112,2.3399204004319444e-298,2.9289208427760075e-298,0.9259384638531558,0.9647623118202973
Fibroblast,ZFP36L1,36.882668,0.20249014,8.762156078169183e-298,1.0963944222447505e-297,0.9280448356277741,0.971031011065204
Fibroblast,LAPTM4A,36.813774,0.16013749,1.1116065439263973e-296,1.390163517376673e-296,0.9616339426765967,0.9838058602839911
Fibroblast,FBLN2,36.558582,0.21548773,1.3026495691590219e-292,1.626372689482504e-292,0.9089370345294516,0.9642874103623498
Fibroblast,S100A6,36.148857,0.21860275,3.877563073255729e-286,4.828809985073143e-286,0.9943955465282479,0.9795317471624638
Fibroblast,LMNA,35.970066,0.2111469,2.458266664913651e-283,3.0577404963478233e-283,0.9292484766418416,0.9668993683810609
Fibroblast,PSAP,35.92013,0.14737324,1.48170462919773e-282,1.842398191094702e-282,0.9537350485217784,0.9861803675737284
Fibroblast,ZFP36,35.684193,0.19868511,6.95310993663789e-279,8.63321341877963e-279,0.9152937636349958,0.9788668851213373
Fibroblast,IFITM3,35.41665,0.1960918,9.465282529282352e-275,1.1728988336574124e-274,0.9781840066200256,0.9779645723512371
Fibroblast,PLAC9,34.080147,0.20802209,1.4521185663386704e-254,1.7859047725020507e-254,0.9174753629729933,0.9639074891959918
Fibroblast,TMEM59,33.619858,0.12172155,8.601498067048527e-248,1.0553457515443113e-247,0.923982547205296,0.9911193427363822
Fibroblast,SQSTM1,33.271656,0.17150137,9.926557613936477e-243,1.2156881093315808e-242,0.9287594974798766,0.9821437051811749
Fibroblast,IGFBP6,32.732723,0.24067219,5.3486427462968565e-235,6.531313650174632e-235,0.9278943805010156,0.964619841382913
Fibroblast,LGALS3,31.659756,0.1914145,5.566914735136975e-220,6.747582655905808e-220,0.9484315053035433,0.9650947428408605
Fibroblast,PPIB,31.517868,0.10744806,4.944224916256409e-218,5.987596176037297e-218,0.9387647634093131,0.9923540865270456
Fibroblast,MGP,31.283392,0.2682613,7.850767071388817e-215,9.494746868617062e-215,0.9841645979086737,0.9639074891959918
Fibroblast,TIMP1,30.959106,0.18945529,1.915955822592343e-210,2.312975323859302e-210,0.960054163845633,0.9737854395212994
Fibroblast,C3,28.295599,0.22265922,3.914749293700142e-176,4.662275067021615e-176,0.940908748965621,0.9639074891959918
Fibroblast,IFITM2,27.936567,0.1366185,9.599764606935732e-172,1.141024097743297e-171,0.9324456480854585,0.9914042836111507
Fibroblast,GPX4,27.503067,0.13715109,1.613472194801254e-166,1.9132261702263193e-166,0.953095614233055,0.9907394215700243
Fibroblast,LDHA,27.233994,0.11307235,2.5716425343879987e-163,3.043402896925046e-163,0.9367712329797638,0.9924490668186351
Fibroblast,COL1A2,27.215136,0.2163138,4.3002710194684105e-163,5.088809263768124e-163,0.9368088467614534,0.9639074891959918
Fibroblast,FBLN1,27.044226,0.22952552,4.4659206859083994e-161,5.277906265164472e-161,0.9481305950500263,0.9639074891959918
Fibroblast,NUPR1,26.60552,0.18984157,5.859792496628238e-156,6.900784958964389e-156,0.9457233130218913,0.9639549793417865
Fibroblast,COL6A3,26.353666,0.2140528,4.6590141387572716e-153,5.479888058443076e-153,0.9151056947265478,0.9658070950277817
Fibroblast,MYL12B,24.70143,0.09204041,1.0323440489204434e-134,1.203166928193686e-134,0.9308282554728052,0.9952034952747305
Fibroblast,AHNAK,24.439785,0.175911,6.462592469483542e-132,7.520782549196964e-132,0.9022793951703905,0.9808139810989219
Fibroblast,TMBIM6,24.0489,0.108519964,8.571626661189923e-128,9.950746866335018e-128,0.9288347250432558,0.9929714584223773
Fibroblast,GLUL,24.001045,0.10685615,2.7117644949715674e-127,3.1470570643516984e-127,0.9144286466561348,0.9934938500261196
Fibroblast,DYNLL1,22.961664,0.12655587,1.1267647451302596e-116,1.2993537426096004e-116,0.911795681937862,0.9905019708410505
Fibroblast,CALM1,22.247467,0.11663298,1.193433332692783e-109,1.3689672639343197e-109,0.9240201609869856,0.9910243624447928
Fibroblast,SOD1,21.585096,0.112776026,2.4797254684559805e-103,2.8341740569047784e-103,0.9008124576844956,0.9924965569644298
Fibroblast,OST4,21.497158,0.08938504,1.6552026647407596e-102,1.8911956940587186e-102,0.9043857669450086,0.99529847556632
Fibroblast,ELOB,21.446592,0.11034809,4.913636086525108e-102,5.6106498813333045e-102,0.9046866771985256,0.994538633233604
Fibroblast,UBC,21.376127,0.14025202,2.2287776710759976e-101,2.544452968669831e-101,0.9867223350635673,0.9921641259438666
Fibroblast,ANXA1,21.131187,0.14324358,4.110819395741998e-99,4.6892000078841e-99,0.9509892424584367,0.9860853872821389
Fibroblast,PRDX6,20.970654,0.12208166,1.2158372462249585e-97,1.3853245741979289e-97,0.9231550440081245,0.9925915372560193
Fibroblast,EDF1,20.447044,0.11811284,6.382659764634441e-93,7.251779345691469e-93,0.9043481531633191,0.9930664387139668
Fibroblast,TMA7,20.126038,0.059261035,4.365442625443083e-90,4.953325528875731e-90,0.9280448356277741,0.9972455715439046
Fibroblast,SSR4,19.674665,0.10786859,3.555167110818114e-86,4.02481435142597e-86,0.9023922365154593,0.9938262810466828
Fibroblast,PSMA7,19.653032,0.10931587,5.4460265413551395e-86,6.16507437011392e-86,0.9059279319942827,0.9928289879849931
Fibroblast,COX6C,18.718233,0.08856955,3.516253643728757e-78,3.9593810934911145e-78,0.9044609945083879,0.9957733770242675
Fibroblast,OAZ1,17.483536,0.038434345,1.912615996976739e-68,2.1378946774215845e-68,0.9632137215075603,0.9985278054803628
Fibroblast,C12orf57,17.226929,0.13488966,1.6677364204388367e-66,1.8618633766907724e-66,0.9180771834800271,0.9894096974877713
Fibroblast,S100A4,16.83943,0.12711027,1.2543805088755567e-63,1.3968462793685254e-63,0.936846460543143,0.9928764781307878
Fibroblast,RAC1,16.70397,0.12721425,1.226276646385366e-62,1.3643708633206548e-62,0.91296170917024,0.9919741653606876
Fibroblast,RTN4,16.629469,0.16608013,4.263603674621093e-62,4.741398659004127e-62,0.9504250357330926,0.9872251507812129
Fibroblast,MYL6,16.339691,0.076308414,5.151337431661971e-60,5.719443671816317e-60,0.9709621605356202,0.9969606306691362
Fibroblast,EID1,15.781095,0.09978048,4.198411777584002e-56,4.644552595963994e-56,0.9488828706838186,0.9947760839625778
Fibroblast,JUN,14.975479,0.1702195,1.0620003071481973e-50,1.1691859529972613e-50,0.9477544572331302,0.9836158997008121
Fibroblast,ITM2B,14.416947,0.1470258,4.04854858157991e-47,4.444677269512139e-47,0.9831866395847438,0.9908818920074085
Fibroblast,HSPB1,13.872798,0.13779333,9.259311129959972e-44,1.0123985142460024e-43,0.921763334085609,0.9749252030203732
Fibroblast,SLC25A3,12.918936,0.05912062,3.5197567884931075e-38,3.822025573822296e-38,0.916535018430753,0.99529847556632
Fibroblast,NFKBIA,12.804693,0.08631687,1.5433413432608573e-37,1.6743674946050854e-37,0.9043857669450086,0.9929239682765826
Fibroblast,PEBP1,12.265018,0.08734803,1.395800690496734e-34,1.5105745303611193e-34,0.9219890167757466,0.9936363204635038
Fibroblast,DUSP1,11.904268,0.1256898,1.1244524681751577e-32,1.2143628685712905e-32,0.9543368690288122,0.985515505532602
Fibroblast,CHCHD2,11.831568,0.055806175,2.680868189828845e-32,2.8938418540950613e-32,0.9379372602121417,0.9967231799401625
Fibroblast,TXNIP,10.444414,0.10703936,1.5541189836465588e-25,1.6603851036399303e-25,0.9234559542616415,0.99529847556632
Fibroblast,HSP90B1,10.07582,0.09612433,7.066855446946982e-24,7.529098946106182e-24,0.9011885955013917,0.9925440471102246
Fibroblast,VIM,9.097983,0.19492182,9.20247586465986e-20,9.719414381190366e-20,0.996802828556383,0.9914042836111507
Fibroblast,JUND,8.927399,0.118770644,4.36144914062593e-19,4.600520033615663e-19,0.962386218310389,0.9891247566130028
Fibroblast,TFPI,8.900812,0.1479322,5.543975091587617e-19,5.845813735462943e-19,0.9056270217407658,0.9820962150353801
Fibroblast,REV3L,8.760775,0.009546355,1.9391338073933757e-18,2.043633273780464e-18,1.0,0.7505817542859856
Fibroblast,RHOA,8.608706,0.056267615,7.388964168129951e-18,7.780332452438165e-18,0.9046866771985256,0.9956309065868832
Fibroblast,SRP14,8.568408,0.04135986,1.0492551624919511e-17,1.1043791859723525e-17,0.9624614458737681,0.9974355321270836
Fibroblast,SKP1,8.420415,0.06964523,3.751520275586199e-17,3.944466854574305e-17,0.9206349206349206,0.996248278482215
Fibroblast,FTH1,8.308004,0.13857731,9.732466824647556e-17,1.0224675716088102e-16,0.9984202211690363,0.9974830222728783
Fibroblast,CIRBP,8.177006,0.040586196,2.9098457988303906e-16,3.053449898080124e-16,0.9178515007898894,0.9837583701381963
Fibroblast,NUCKS1,8.093726,0.08866808,5.786659897113697e-16,6.070118366679683e-16,0.903182125930941,0.9942062022130408
Fibroblast,FOS,7.077323,0.11510898,1.469657737944757e-12,1.5323771857330663e-12,0.9647558865568344,0.9542194994538633
Fibroblast,SUMO2,6.8078103,0.045005925,9.909545785171575e-12,1.0310387769903559e-11,0.9198450312194388,0.996628199648573
Fibroblast,YBX3,6.3465185,0.12235457,2.2024201635835416e-10,2.285573408320854e-10,0.9616715564582863,0.990027069383103
Fibroblast,ATP5F1E,5.510078,0.042996738,3.5867516121181005e-08,3.7021419839774155e-08,0.94583615436696,0.9969131405233415
Fibroblast,PBX1,5.334265,0.02210614,9.593231035338175e-08,9.891665168306892e-08,1.0,0.8105143182789571
Fibroblast,TMSB4X,5.3179502,0.07275379,1.0494268966712823e-07,1.082011457792766e-07,0.9922515609719401,0.9983378448971838
Fibroblast,UBA52,5.158926,0.02550286,2.4837017542887845e-07,2.559503133770422e-07,0.9877002933874972,0.9973880419812888
Fibroblast,ZEB1,4.8671007,0.0056548845,1.132473930613938e-06,1.165238384096092e-06,1.0,0.7886688512133733
Fibroblast,EEF1D,4.6778545,0.06805825,2.898922880927703e-06,2.9776961641795265e-06,0.9628751974723538,0.9948235741083725
Fibroblast,HLA-A,4.62008,0.04897093,3.835923729319289e-06,3.938587823208024e-06,0.9064169111562477,0.9952034952747305
Fibroblast,SRRM2,4.5870695,0.079081245,4.495111077552525e-06,4.6141038278122275e-06,0.9028812156774242,0.9916892244859191
Fibroblast,TOMM7,4.261869,0.08326916,2.0272432062809472e-05,2.0762977706590038e-05,0.9479049123598887,0.9946811036709883
Fibroblast,FTL,3.8226833,0.11638629,0.0001320073224381723,0.000134910391139981,0.9980064695704506,0.9997150591252315
Fibroblast,TPT1,3.7317762,0.013319159,0.0001901343514610042,0.00019422766365607426,1.0,0.9981953744597996
Fibroblast,CALM2,3.418721,0.018936913,0.0006291619900502786,0.0006414350244598311,0.9244715263672609,0.9971031011065205
Fibroblast,PRDX1,3.1514773,0.07087704,0.0016244670711609854,0.0016535376402903763,0.9264274430151207,0.9938262810466828
Fibroblast,GNAS,3.1208217,0.07842632,0.0018034716337754927,0.0018351239858129746,0.9646806589934552,0.9933513795887353
Fibroblast,COX7C,-2.0250707,0.019769298,0.042860100533800245,0.04336272431404737,0.9474535469796134,0.9980529040224153
Fibroblast,TMSB10,-2.308743,0.024076996,0.020957845025151987,0.02123221168943227,0.986082900774844,0.999050197084105
Fibroblast,DDX5,-2.924342,0.056445718,0.0034518547331655403,0.0035084776039294168,0.9757014970285113,0.9784869639549794
Fibroblast,HNRNPA2B1,-3.2112143,0.012306677,0.0013217534692378978,0.0013462428291153214,0.9543368690288122,0.9965332193569835
Fibroblast,SON,-4.538388,0.011992131,5.668588825990623e-06,5.81732072404308e-06,0.9142029639659971,0.9638125089044023
Fibroblast,HLA-E,-4.646406,0.04305863,3.377676252596319e-06,3.4684708987165683e-06,0.9389528323177613,0.9943011825046303
Fibroblast,NOP53,-4.8511457,0.008224824,1.2275029098384129e-06,1.2629446486331768e-06,0.9022793951703905,0.9963907489195992
Fibroblast,HSP90AA1,-11.61071,0.048829157,3.6358469998930447e-31,3.9190553117570235e-31,0.9811554953735049,0.9978629434392363
HSC,DEFA3,182.50403,5.589824,0.0,0.0,0.9733105380633519,0.0006394342887233882
HSC,MORC1,182.00996,6.0635085,0.0,0.0,0.9699387377119247,0.0002632964718272775
HSC,PTPRCAP,181.90318,3.7191842,0.0,0.0,0.9723132450016622,0.0017678477394117206
HSC,DEFA4,181.78856,7.796094,0.0,0.0,0.9684665431922876,0.00011284134506883322
HSC,DEFA1B,181.10793,19.774454,0.0,0.0,0.964619841382913,0.0
HSC,NAT8B,181.10101,4.0577865,0.0,0.0,0.9649522724034763,0.00018806890844805536
HSC,DEFA1,181.06334,19.173523,0.0,0.0,0.9643823906539393,0.0
HSC,SETSIP,181.0465,0.34839982,0.0,0.0,0.964809801966092,0.0002632964718272775
HSC,MSH5-SAPCD1,181.04451,2.051346,0.0,0.0,0.9650947428408605,0.0004137515985857218
HSC,ZNF670-ZNF695,181.02669,2.0208592,0.0,0.0,0.9643349005081445,7.522756337922214e-05
HSC,LGALS9B,181.01279,0.6706235,0.0,0.0,0.964999762549271,0.0004513653802753329
HSC,IFNL4,181.00887,4.853129,0.0,0.0,0.964239920216555,7.522756337922214e-05
HSC,OR14L1P,181.00887,5.3803225,0.0,0.0,0.964239920216555,7.522756337922214e-05
HSC,RNF103-CHMP3,180.99898,2.3284335,0.0,0.0,0.964999762549271,0.0004889791619649439
HSC,CCDC169-SOHLH2,180.99202,10.385818,0.0,0.0,0.9640024694875813,0.0
HSC,KRTAP20-4,180.9831,12.322798,0.0,0.0,0.9639549793417865,0.0
HSC,CENPVL1,180.9831,9.740405,0.0,0.0,0.9639549793417865,0.0
HSC,C22orf42,180.9831,10.64909,0.0,0.0,0.9639549793417865,0.0
HSC,SPATA31C2,180.9831,13.404637,0.0,0.0,0.9639549793417865,0.0
HSC,KRTAP15-1,180.9831,11.052205,0.0,0.0,0.9639549793417865,0.0
HSC,OR10P1,180.9831,9.43117,0.0,0.0,0.9639549793417865,0.0
HSC,OR4D10,180.97815,3.6517587,0.0,0.0,0.9640024694875813,3.761378168961107e-05
HSC,OR2T34,180.97815,5.446891,0.0,0.0,0.9640024694875813,3.761378168961107e-05
HSC,LINGO4,180.97815,2.682842,0.0,0.0,0.9640024694875813,3.761378168961107e-05
HSC,TUBA3E,180.97815,7.3378587,0.0,0.0,0.9640024694875813,3.761378168961107e-05
HSC,KLRC4-KLRK1,180.97815,8.46978,0.0,0.0,0.9640024694875813,3.761378168961107e-05
HSC,OR8B8,180.97815,2.4416845,0.0,0.0,0.9640024694875813,3.761378168961107e-05
HSC,PTGES3L-AARSD1,180.97716,3.0689716,0.0,0.0,0.9641449399249655,0.00011284134506883322
HSC,IFNL2,180.96922,3.1603498,0.0,0.0,0.9639549793417865,3.761378168961107e-05
HSC,VCX3A,180.96922,2.0407317,0.0,0.0,0.9639549793417865,3.761378168961107e-05
HSC,OR10J3,180.96922,7.3768086,0.0,0.0,0.9639549793417865,3.761378168961107e-05
HSC,GC,180.96922,4.4979005,0.0,0.0,0.9639549793417865,3.761378168961107e-05
HSC,OR5A2,180.96922,1.7907966,0.0,0.0,0.9639549793417865,3.761378168961107e-05
HSC,C8A,180.96922,1.5409293,0.0,0.0,0.9639549793417865,3.761378168961107e-05
HSC,OR8G2P,180.96922,0.17973186,0.0,0.0,0.9639549793417865,3.761378168961107e-05
HSC,DEFB110,180.96922,0.5531979,0.0,0.0,0.9639549793417865,3.761378168961107e-05
HSC,OR9I1,180.96922,0.27347374,0.0,0.0,0.9639549793417865,3.761378168961107e-05
HSC,LY75-CD302,180.96922,0.14664507,0.0,0.0,0.9639549793417865,3.761378168961107e-05
HSC,OR8D1,180.96428,0.16058926,0.0,0.0,0.9640024694875813,7.522756337922214e-05
HSC,FMC1-LUC7L2,180.95828,0.22982234,0.0,0.0,0.9648572921118868,0.000526592943654555
HSC,PPIAL4F,180.95734,0.14742307,0.0,0.0,0.9643349005081445,0.0002632964718272775
HSC,TRIM64B,180.95537,3.0196047,0.0,0.0,0.9639549793417865,7.522756337922214e-05
HSC,DUSP13,180.95537,1.2508235,0.0,0.0,0.9639549793417865,7.522756337922214e-05
HSC,TRIM43,180.95537,6.5944014,0.0,0.0,0.9639549793417865,7.522756337922214e-05
HSC,NMS,180.95537,3.9185095,0.0,0.0,0.9639549793417865,7.522756337922214e-05
HSC,ZNF705G,180.95537,2.8116462,0.0,0.0,0.9639549793417865,7.522756337922214e-05
HSC,OR8H2,180.95535,0.30004174,0.0,0.0,0.9639549793417865,7.522756337922214e-05
HSC,OR5M1,180.95535,0.04468918,0.0,0.0,0.9639549793417865,7.522756337922214e-05
HSC,KIR2DS4,180.95535,0.91347355,0.0,0.0,0.9639549793417865,7.522756337922214e-05
HSC,KCNU1,180.95535,0.4639881,0.0,0.0,0.9639549793417865,7.522756337922214e-05
HSC,ASCL4,180.95535,0.3676479,0.0,0.0,0.9639549793417865,7.522756337922214e-05
HSC,ARL2-SNX15,180.95438,2.4619942,0.0,0.0,0.9640974497791708,0.00015045512675844429
HSC,LY6G6F-LY6G6D,180.95436,0.65703356,0.0,0.0,0.9640974497791708,0.00015045512675844429
HSC,MROH7-TTC4,180.95041,1.2477406,0.0,0.0,0.9640024694875813,0.00011284134506883322
HSC,TGIF2-RAB5IF,180.95041,1.0268759,0.0,0.0,0.9640024694875813,0.00011284134506883322
HSC,GABRA1,180.95041,0.20459582,0.0,0.0,0.9640024694875813,0.00011284134506883322
HSC,OR5A1,180.94545,0.35330686,0.0,0.0,0.964049959633376,0.00015045512675844429
HSC,INO80B-WBP1,180.9415,2.517274,0.0,0.0,0.9639549793417865,0.00011284134506883322
HSC,PTCHD3,180.9415,0.62993395,0.0,0.0,0.9639549793417865,0.00011284134506883322
HSC,SMIM40,180.9415,1.4066148,0.0,0.0,0.9639549793417865,0.00011284134506883322
HSC,SPANXN1,180.9415,0.6026612,0.0,0.0,0.9639549793417865,0.00011284134506883322
HSC,OR10AC1,180.9415,0.5403452,0.0,0.0,0.9639549793417865,0.00011284134506883322
HSC,FEV,180.94148,0.1298169,0.0,0.0,0.9639549793417865,0.00011284134506883322
HSC,CRISP3,180.93356,1.7590735,0.0,0.0,0.964429880799734,0.0003761378168961107
HSC,POTEG,180.9296,0.88567966,0.0,0.0,0.9643349005081445,0.00033852403520649965
HSC,CNTNAP3C,180.92763,0.5043693,0.0,0.0,0.9639549793417865,0.00015045512675844429
HSC,KIR2DL1,180.92763,0.09534027,0.0,0.0,0.9639549793417865,0.00015045512675844429
HSC,PPIAL4E,180.92267,0.02085812,0.0,0.0,0.9640024694875813,0.00018806890844805536
HSC,PRR35,180.91376,0.044772808,0.0,0.0,0.9639549793417865,0.00018806890844805536
HSC,OR51D1,180.91376,0.0015455396,0.0,0.0,0.9639549793417865,0.00018806890844805536
HSC,ZNF816-ZNF321P,180.9088,0.45535383,0.0,0.0,0.9640024694875813,0.00022568269013766644
HSC,RAB4B-EGLN2,180.89493,0.29519877,0.0,0.0,0.9640024694875813,0.0002632964718272775
HSC,MYBPH,180.89493,0.14421248,0.0,0.0,0.9640024694875813,0.0002632964718272775
HSC,CCDC92B,180.89493,0.118831515,0.0,0.0,0.9640024694875813,0.0002632964718272775
HSC,TPTEP2-CSNK1E,180.87115,0.22254233,0.0,0.0,0.9640974497791708,0.0003761378168961107
HSC,PPP1R2C,180.85828,0.090699695,0.0,0.0,0.9639549793417865,0.00033852403520649965
HSC,CFHR2,180.84837,0.3246218,0.0,0.0,0.964049959633376,0.0004137515985857218
HSC,ELFN2,180.84442,0.025515404,0.0,0.0,0.9639549793417865,0.0003761378168961107
HSC,AK4P3,180.84341,0.4641526,0.0,0.0,0.9640974497791708,0.0004513653802753329
HSC,MC4R,180.8345,0.5275178,0.0,0.0,0.964049959633376,0.0004513653802753329
HSC,CCDC188,180.82065,0.45703346,0.0,0.0,0.964049959633376,0.0004889791619649439
HSC,OR51I1,180.81963,0.34775263,0.0,0.0,0.9641924300707603,0.0005642067253441661
HSC,DEFA6,180.81172,0.10144479,0.0,0.0,0.9640024694875813,0.0004889791619649439
HSC,OR56B2P,180.81073,0.80027145,0.0,0.0,0.9641449399249655,0.0005642067253441661
HSC,OR2I1P,180.80676,0.20550328,0.0,0.0,0.964049959633376,0.000526592943654555
HSC,ARTN,180.76762,1.7158914,0.0,0.0,0.9664244669231135,0.0018430753027909425
HSC,ZNF723,180.76326,0.6369271,0.0,0.0,0.9643349005081445,0.0007898894154818325
HSC,TEX54,180.7424,0.31535044,0.0,0.0,0.9640024694875813,0.0006770480704129993
HSC,TVP23C-CDRT4,180.74237,0.53597605,0.0,0.0,0.9640024694875813,0.0006770480704129993
HSC,BORCS8-MEF2B,180.67694,0.6013156,0.0,0.0,0.9647623118202973,0.0012412547957571655
HSC,OR9H1P,180.64328,0.120929755,0.0,0.0,0.9642874103623498,0.0010907996689987212
HSC,ST20-MTHFS,180.61949,0.033298105,0.0,0.0,0.9643823906539393,0.0012036410140675543
HSC,CHURC1-FNTB,180.60265,0.42374754,0.0,0.0,0.964809801966092,0.001466937485894832
HSC,POC1B-GALNT4,180.54915,0.22780359,0.0,0.0,0.9645248610913235,0.001466937485894832
HSC,ZNF559-ZNF177,180.53731,0.06335182,0.0,0.0,0.964239920216555,0.0013540961408259986
HSC,TREX1,180.53432,0.52071637,0.0,0.0,0.9646673315287078,0.001579778830963665
HSC,SLX1B,180.50484,0.51896805,0.0,0.0,0.9649522724034763,0.0018054615211013315
HSC,CYP2D7,180.47191,0.016804855,0.0,0.0,0.9643349005081445,0.001579778830963665
HSC,CXCR3,180.45325,0.96898675,0.0,0.0,0.9643823906539393,0.0016550063943428872
HSC,PPIAL4A,180.40692,0.90010655,0.0,0.0,0.9677541910053664,0.00349808169713383
HSC,ADCYAP1,180.3561,0.07619265,0.0,0.0,0.9643823906539393,0.0019183028661701647
HSC,P2RX5-TAX1BP3,180.21016,0.3633698,0.0,0.0,0.965379683715629,0.0028210336267208303
HSC,JMJD7-PLA2G4B,180.20918,0.038981747,0.0,0.0,0.9648572921118868,0.002557737154893553
HSC,NUTM2D,180.19997,0.014364066,0.0,0.0,0.9642874103623498,0.0022944406830662754
HSC,NME1-NME2,180.1866,0.41300187,0.0,0.0,0.964809801966092,0.002595350936583164
HSC,GNG5P2,180.1749,0.112755634,0.0,0.0,0.9670418388184452,0.0037613781689611074
HSC,DERPC,180.15245,0.81720877,0.0,0.0,0.9664719570689082,0.003535695478823441
HSC,DIPK1C,180.12341,0.43142956,0.0,0.0,0.964619841382913,0.002670578499962386
HSC,CKLF-CMTM1,180.10242,0.013866627,0.0,0.0,0.9642874103623498,0.002557737154893553
HSC,PPAN-P2RY11,180.01324,0.32170624,0.0,0.0,0.9651422329866552,0.0032347852253065525
HSC,CEACAM6,179.96684,1.4380568,0.0,0.0,0.9655221541530132,0.003610923042202663
HSC,JPH1,179.64395,0.08110921,0.0,0.0,0.9645723512371183,0.0039494470774091624
HSC,HTD2,179.62666,0.24741805,0.0,0.0,0.9653321935698342,0.004400812457684496
HSC,SPDYE18,179.62355,0.25946417,0.0,0.0,0.9652847034240395,0.004400812457684496
HSC,NDUFC2-KCTD14,179.61461,0.50508106,0.0,0.0,0.9665669373604977,0.0050778605280974946
HSC,BCL2L10,179.59848,0.18808462,0.0,0.0,0.964619841382913,0.004099902204167607
HSC,OR52N1,179.57373,0.024484597,0.0,0.0,0.9645723512371183,0.004137515985857218
HSC,ZDHHC19,179.56169,0.0046103676,0.0,0.0,0.9644773709455288,0.004137515985857218
HSC,TNFRSF18,179.40483,0.97197217,0.0,0.0,0.9660920359025502,0.005378770781614383
HSC,HMGB1P1,178.986,0.6629128,0.0,0.0,0.9699387377119247,0.008575942225231325
HSC,SUCNR1,178.58394,0.60986537,0.0,0.0,0.9666619176520872,0.007898894154818325
HSC,CD274,178.2545,0.57097733,0.0,0.0,0.9666619176520872,0.008801624915368992
HSC,SHD,178.20749,2.6200125,0.0,0.0,0.9505627582276678,0.0007146618521026104
HSC,LTF,178.06581,0.33042625,0.0,0.0,0.966519447214703,0.009290604077333935
HSC,UGT1A8,178.03104,0.04446728,0.0,0.0,0.9483782115211093,7.522756337922214e-05
HSC,TPSD1,178.00288,0.74736875,0.0,0.0,0.9493280144370043,0.0006394342887233882
HSC,OR2G6,177.86923,0.11834105,0.0,0.0,0.9486156622500831,0.0006394342887233882
HSC,PCSK4,177.85062,0.12840267,0.0,0.0,0.9659020753193712,0.009516286767471602
HSC,TNFRSF4,177.76736,0.17458075,0.0,0.0,0.965759604881987,0.009666741894230045
HSC,PROK2,177.66179,1.4240526,0.0,0.0,0.9565940067436007,0.005303543218235162
HSC,CLEC5A,177.65453,1.3168458,0.0,0.0,0.9493755045827991,0.0016173926126532762
HSC,RASL10A,177.43877,0.4587661,0.0,0.0,0.9494704848743886,0.0022568269013766643
HSC,PPP1R27,177.40414,0.36854875,0.0,0.0,0.9489955834164411,0.00210637177461822
HSC,MAL,177.39876,0.097495355,0.0,0.0,0.9656646245903975,0.010607086436470323
HSC,RNASEK-C17orf49,177.05963,0.0047966824,0.0,0.0,0.9687039939212614,0.013051982246295042
HSC,SCN5A,177.02084,0.050659113,0.0,0.0,0.9487106425416726,0.003009102535168886
HSC,LRRC46,176.76358,0.0005892202,0.0,0.0,0.9489480932706463,0.0038366057323403293
HSC,CETP,176.68272,0.10037853,0.0,0.0,0.9494704848743886,0.0043255848943052734
HSC,NHLRC1,176.42172,0.1380498,0.0,0.0,0.9658545851735765,0.013428120063191154
HSC,OVCA2,176.37305,0.012848582,0.0,0.0,0.9666619176520872,0.013879485443466486
HSC,KCNE5,176.34245,1.0881727,0.0,0.0,0.9508002089566415,0.005942977506958549
HSC,IL2RA,176.20929,0.5208874,0.0,0.0,0.9500878567697203,0.005942977506958549
HSC,LIPT2,175.6695,0.09248848,0.0,0.0,0.9662345063399345,0.015684946964567816
HSC,ZSCAN16,175.22438,0.34287208,0.0,0.0,0.9676592107137769,0.017640863612427594
HSC,CLIC5,174.70541,0.29327074,0.0,0.0,0.9501828370613098,0.010118107274505378
HSC,LBHD1,174.03441,0.19850077,0.0,0.0,0.95108514983141,0.012450161739261265
HSC,MARS2,173.75641,0.018686349,0.0,0.0,0.9671843092558294,0.0214022417813887
HSC,CCRL2,173.71071,0.05116414,0.0,0.0,0.9504202877902835,0.012976754682915821
HSC,CST7,172.64441,1.1614321,0.0,0.0,0.957496319513701,0.01967200782366659
HSC,TREML4,172.49763,1.3643852,0.0,0.0,0.9194092225863133,0.00033852403520649965
HSC,ORM2,172.3807,0.5266892,0.0,0.0,0.9192192620031343,0.0005642067253441661
HSC,LTK,172.16428,0.62022,0.0,0.0,0.919836633898466,0.001504551267584443
HSC,TCN1,172.14902,1.2637526,0.0,0.0,0.9197891437526713,0.001504551267584443
HSC,FOLR3,171.9959,0.2973459,0.0,0.0,0.9195516930236975,0.0018054615211013315
HSC,LPAR5,171.95073,0.4642565,0.0,0.0,0.9197416536068765,0.002031144211238998
HSC,ANKRD22,171.7437,0.41754875,0.0,0.0,0.919646673315287,0.002557737154893553
HSC,CHN2,171.59866,0.048352983,0.0,0.0,0.9513700907061785,0.01933348378846009
HSC,ELL3,171.52228,0.014915152,0.0,0.0,0.9196941634610818,0.0031971714436169413
HSC,OLFM4,171.13531,0.49111244,0.0,0.0,0.9680391318801349,0.028849770555931693
HSC,GOLGA8Q,170.3899,0.071890414,0.0,0.0,0.9206439663769768,0.006845708267509215
HSC,CEACAM8,169.91327,7.054981,0.0,0.0,0.9053521394310681,0.00018806890844805536
HSC,MMP7,169.81294,2.8624303,0.0,0.0,0.9137104050909436,0.0048897916196494395
HSC,RHEBL1,169.73018,0.055452626,0.0,0.0,0.9203590255022083,0.008575942225231325
HSC,MMP8,169.66794,4.057537,0.0,0.0,0.9041173956404046,0.00022568269013766644
HSC,SERPINB12,169.5657,0.28198996,0.0,0.0,0.9032150828703044,3.761378168961107e-05
HSC,SLC17A2,169.5568,2.5006847,0.0,0.0,0.9031675927245096,3.761378168961107e-05
HSC,ZDHHC22,169.5568,0.6398882,0.0,0.0,0.9031675927245096,3.761378168961107e-05
HSC,CD5L,169.55203,3.3767705,0.0,0.0,0.9035000237450729,0.00022568269013766644
HSC,GJA8,169.54788,5.091498,0.0,0.0,0.9031201025787149,3.761378168961107e-05
HSC,BPIFA3,169.54788,1.6771348,0.0,0.0,0.9031201025787149,3.761378168961107e-05
HSC,CLEC6A,169.54788,3.0507855,0.0,0.0,0.9031201025787149,3.761378168961107e-05
HSC,MYH7,169.54335,0.2608648,0.0,0.0,0.9031675927245096,7.522756337922214e-05
HSC,SPDYC,169.54335,1.5970963,0.0,0.0,0.9031675927245096,7.522756337922214e-05
HSC,DAOA,169.54335,0.034638092,0.0,0.0,0.9031675927245096,7.522756337922214e-05
HSC,OR5M8,169.53896,0.054222863,0.0,0.0,0.9030726124329201,3.761378168961107e-05
HSC,UGT2B7,169.53883,0.2832907,0.0,0.0,0.9032150828703044,0.00011284134506883322
HSC,HTR3D,169.53444,0.8101824,0.0,0.0,0.9031201025787149,7.522756337922214e-05
HSC,KRT40,169.53444,0.053447332,0.0,0.0,0.9031201025787149,7.522756337922214e-05
HSC,TMCO5A,169.5299,1.3320554,0.0,0.0,0.9031675927245096,0.00011284134506883322
HSC,DCD,169.5299,0.13685076,0.0,0.0,0.9031675927245096,0.00011284134506883322
HSC,GRP,169.52553,0.10024301,0.0,0.0,0.9030726124329201,7.522756337922214e-05
HSC,CST9,169.52553,0.1505378,0.0,0.0,0.9030726124329201,7.522756337922214e-05
HSC,CSN3,169.52553,0.17364687,0.0,0.0,0.9030726124329201,7.522756337922214e-05
HSC,SSX3,169.52553,0.09933269,0.0,0.0,0.9030726124329201,7.522756337922214e-05
HSC,APOA5,169.52551,0.0045286417,0.0,0.0,0.9030726124329201,7.522756337922214e-05
HSC,RD3,169.52539,0.4704419,0.0,0.0,0.9032150828703044,0.00015045512675844429
HSC,TARM1,169.521,1.2884066,0.0,0.0,0.9031201025787149,0.00011284134506883322
HSC,GCM1,169.521,1.4189596,0.0,0.0,0.9031201025787149,0.00011284134506883322
HSC,OR6K3,169.521,1.2631178,0.0,0.0,0.9031201025787149,0.00011284134506883322
HSC,KRT35,169.521,0.06858769,0.0,0.0,0.9031201025787149,0.00011284134506883322
HSC,SCGB2A2,169.521,0.016649747,0.0,0.0,0.9031201025787149,0.00011284134506883322
HSC,OR10A3,169.521,0.010461136,0.0,0.0,0.9031201025787149,0.00011284134506883322
HSC,NYX,169.52087,1.4241334,0.0,0.0,0.9032625730160991,0.00018806890844805536
HSC,PDILT,169.51648,0.14091538,0.0,0.0,0.9031675927245096,0.00015045512675844429
HSC,CASP14,169.51648,0.0880283,0.0,0.0,0.9031675927245096,0.00015045512675844429
HSC,ZIC2,169.51648,0.12653887,0.0,0.0,0.9031675927245096,0.00015045512675844429
HSC,CYLC2,169.51648,0.23299159,0.0,0.0,0.9031675927245096,0.00015045512675844429
HSC,HSD3B1,169.50755,0.030798327,0.0,0.0,0.9031201025787149,0.00015045512675844429
HSC,CLEC3A,169.50755,0.08749703,0.0,0.0,0.9031201025787149,0.00015045512675844429
HSC,ANKRD34B,169.50755,0.16070464,0.0,0.0,0.9031201025787149,0.00015045512675844429
HSC,CHRNA4,169.49399,0.18130332,0.0,0.0,0.9032625730160991,0.0002632964718272775
HSC,ABCG4,169.48068,0.11902529,0.0,0.0,0.9031201025787149,0.00022568269013766644
HSC,CHRNA1,169.48041,0.26413584,0.0,0.0,0.9034050434534834,0.0003761378168961107
HSC,SLC13A1,169.47177,0.06825001,0.0,0.0,0.9030726124329201,0.00022568269013766644
HSC,AGAP6,169.4623,0.46025828,0.0,0.0,0.9035950040366624,0.000526592943654555
HSC,PBOV1,169.44913,0.0798381,0.0,0.0,0.9033100631618939,0.0004137515985857218
HSC,ADGRD2,169.44902,0.99257463,0.0,0.0,0.9034525335992781,0.0004889791619649439
HSC,PTH2,169.44476,0.83019614,0.0,0.0,0.9032150828703044,0.0003761378168961107
HSC,LCN15,169.44023,0.07031552,0.0,0.0,0.9032625730160991,0.0004137515985857218
HSC,GP2,169.4357,0.15308832,0.0,0.0,0.9033100631618939,0.0004513653802753329
HSC,VN1R2,169.43117,0.018898848,0.0,0.0,0.9033575533076886,0.0004889791619649439
HSC,CLEC4D,169.42172,1.0545748,0.0,0.0,0.9038799449114309,0.0007898894154818325
HSC,CCL25,169.4179,0.13973169,0.0,0.0,0.9032150828703044,0.0004513653802753329
HSC,SLC22A9,169.41788,0.1010833,0.0,0.0,0.9032150828703044,0.0004513653802753329
HSC,CYP2F1,169.40434,0.7696775,0.0,0.0,0.9033575533076886,0.0005642067253441661
HSC,ONECUT2,169.37305,0.43158272,0.0,0.0,0.9032625730160991,0.0006018205070337771
HSC,OR6C75,169.37305,0.35559872,0.0,0.0,0.9032625730160991,0.0006018205070337771
HSC,CCR2,169.34055,1.3168441,0.0,0.0,0.9045922970983521,0.0013917099225156098
HSC,CEACAM3,169.3236,1.0759091,0.0,0.0,0.9035000237450729,0.0008651169788610547
HSC,CATSPER1,169.31874,0.4073062,0.0,0.0,0.9038324547656361,0.00105318588730911
HSC,APELA,169.30132,0.0072437976,0.0,0.0,0.9033100631618939,0.0008275031971714436
HSC,TMEM212,169.2872,0.27285066,0.0,0.0,0.9040224153488151,0.0012412547957571655
HSC,AIPL1,169.27856,0.43045262,0.0,0.0,0.9036899843282519,0.0010907996689987212
HSC,SLC28A3,169.26085,0.9672487,0.0,0.0,0.9035950040366624,0.0010907996689987212
HSC,GSDMC,169.19373,0.08426815,0.0,0.0,0.9034525335992781,0.0012036410140675543
HSC,CHIT1,169.18468,1.1394657,0.0,0.0,0.9038324547656361,0.0014293237042052208
HSC,GCNT3,169.18387,0.09258492,0.0,0.0,0.9042598660777889,0.0016550063943428872
HSC,AQP6,169.1757,0.0006642593,0.0,0.0,0.9035000237450729,0.0012788685774467764
HSC,ZNF683,169.1312,0.005153674,0.0,0.0,0.9032625730160991,0.0012788685774467764
HSC,C11orf98,169.01915,0.116221644,0.0,0.0,0.9703661490240775,0.03595877529526818
HSC,KCNA7,169.01338,0.073851325,0.0,0.0,0.9044973168067626,0.0022568269013766643
HSC,MYCL,169.00053,0.060813908,0.0,0.0,0.9039274350572256,0.001993530429549387
HSC,BARX2,168.91124,0.07704476,0.0,0.0,0.9037374744740466,0.002143985556307831
HSC,LANCL3,168.90181,0.28025928,0.0,0.0,0.9046872773899416,0.002670578499962386
HSC,SLC9A3,168.86128,0.3662637,0.0,0.0,0.9049722182647101,0.002933874971789664
HSC,TRH,168.84415,0.9497023,0.0,0.0,0.9065868832217315,0.0038366057323403293
HSC,RETN,168.66446,2.1609714,0.0,0.0,0.9076316664292159,0.0048897916196494395
HSC,OLAH,168.63585,0.1868564,0.0,0.0,0.9052096689936838,0.003686150605581885
HSC,XKR4,168.58478,0.017541494,0.0,0.0,0.9040699054946099,0.0032347852253065525
HSC,TNFRSF17,168.4587,0.19152763,0.0,0.0,0.9042598660777889,0.003686150605581885
HSC,CCNA1,168.40897,0.14112322,0.0,0.0,0.9043548463693784,0.0038742195140299405
HSC,GLYATL2,168.37543,0.61945945,0.0,0.0,0.9046872773899416,0.0041751297675468296
HSC,NELL2,168.26305,0.21675509,0.0,0.0,0.9043548463693784,0.004287971112615662
HSC,TNNI2,168.22112,0.11304057,0.0,0.0,0.9046397872441468,0.00455126758444294
HSC,CYP4F3,168.13171,1.2291857,0.0,0.0,0.9050197084105048,0.005002632964718273
HSC,C1orf74,168.05026,0.02069637,0.0,0.0,0.9218312200218455,0.01399232678853532
HSC,MCEMP1,167.99612,0.30213547,0.0,0.0,0.9051621788478891,0.0054539983449936056
HSC,FBN2,167.9535,0.1858585,0.0,0.0,0.9052096689936838,0.00560445347175205
HSC,LY86,167.81752,0.8032118,0.0,0.0,0.9062544522011683,0.0065447980139923265
HSC,KIF17,167.7353,0.4020931,0.0,0.0,0.9048297478273258,0.006018205070337772
HSC,ITGB7,167.72281,0.7154452,0.0,0.0,0.9063969226385525,0.006883322049198826
HSC,HNRNPA1L2,167.59938,0.19014214,0.0,0.0,0.9879375029681341,1.0
HSC,RUBCNL,166.86914,0.19628043,0.0,0.0,0.905922021180605,0.009027307605506657
HSC,ABCG2,166.52602,0.11908333,0.0,0.0,0.9044973168067626,0.009252990295644324
HSC,LILRB4,166.4588,0.35095406,0.0,0.0,0.9056845704516313,0.010042879711126157
HSC,TMEM177,166.30602,0.053081196,0.0,0.0,0.96989124756613,0.04340630406981118
HSC,LCK,166.30354,0.0011286206,0.0,0.0,0.9050671985562996,0.010155721056194989
HSC,TRIM68,166.06384,0.00268321,0.0,0.0,0.9674217599848032,0.042917324907846235
HSC,HCK,165.98032,0.3353872,0.0,0.0,0.9078216270123949,0.012525389302640487
HSC,CD96,165.74959,0.42526242,0.0,0.0,0.9083915087619319,0.013540961408259987
HSC,SULT1A3,165.58372,0.014984674,0.0,0.0,0.9069193142422948,0.013202437373053487
HSC,CLEC7A,165.52252,0.83087313,0.0,0.0,0.9110509569264378,0.015572105619498984
HSC,S100A12,165.49979,0.109357394,0.0,0.0,0.9071092748254738,0.013503347626570376
HSC,NKG7,165.02951,1.0641994,0.0,0.0,0.916084912380681,0.01967200782366659
HSC,TRAIP,164.90483,0.079061866,0.0,0.0,0.9061594719095788,0.01470698864063793
HSC,THTPA,164.87053,0.14442168,0.0,0.0,0.9077266467208054,0.015609719401188596
HSC,CLEC12A,164.81645,0.72302854,0.0,0.0,0.91157334853018,0.01782893252087565
HSC,DSC2,164.78687,0.06804718,0.0,0.0,0.9230659638125089,0.023771910027834197
HSC,DHRS11,164.40282,0.009592861,0.0,0.0,0.9543144797454528,0.04099902204167607
HSC,FGR,164.38264,0.16925882,0.0,0.0,0.9076316664292159,0.016926201760324982
HSC,CCDC24,164.19893,0.031205762,0.0,0.0,0.9054946098684523,0.016361995034980818
HSC,AMBN,164.1448,5.205901,0.0,0.0,0.9551693023697583,1.0
HSC,OR5AN1,164.13588,0.1781369,0.0,0.0,0.9551693023697583,1.0
HSC,GPR139,164.12697,0.16112868,0.0,0.0,0.9551693023697583,1.0
HSC,AURKA,164.12292,0.349065,0.0,0.0,0.9086289594909056,0.01824268411946137
HSC,SPC24,163.30324,0.093039975,0.0,0.0,0.9078691171581896,0.020123373203941926
HSC,INCENP,162.85814,0.04287801,0.0,0.0,0.9237308258536354,0.029714887534792747
HSC,RNASE6,162.76666,0.33243853,0.0,0.0,0.9081065678871634,0.02170315203490559
HSC,GSTM1,162.47533,0.3156926,0.0,0.0,0.9750201833119627,0.05675919656962311
HSC,ALOX5AP,161.149,0.18757153,0.0,0.0,0.9544094600370423,0.0495749642669074
HSC,KLHDC7A,160.8879,0.33805543,0.0,0.0,0.9467635465640879,1.0
HSC,CYBB,160.7453,0.25927466,0.0,0.0,0.9098637032815691,0.028360791393966748
HSC,MAPK11,160.39757,0.01465146,0.0,0.0,0.9079640974497791,0.028511246520725193
HSC,ELMOD1,158.42746,0.32338536,0.0,0.0,0.9411122192145129,1.0
HSC,REG4,158.34192,0.30491865,0.0,0.0,0.9398774754238496,1.0
HSC,SAGE1,158.33159,3.4550533,0.0,0.0,0.9396875148406706,1.0
HSC,CYP2W1,158.28853,0.33550298,0.0,0.0,0.9401624162986181,1.0
HSC,IYD,158.23845,0.3350034,0.0,0.0,0.9403998670275918,1.0
HSC,IRS4,158.2246,0.3251337,0.0,0.0,0.9394500641116968,1.0
HSC,FAM220A,158.22131,0.7208034,0.0,0.0,0.9411597093603077,1.0
HSC,ANKRD62,158.2095,0.35017946,0.0,0.0,0.940922258631334,1.0
HSC,ASCL3,158.19858,0.30590132,0.0,0.0,0.9394500641116968,1.0
HSC,FAM170A,158.19376,0.31361237,0.0,0.0,0.9394025739659021,1.0
HSC,C10orf53,158.18483,0.28207088,0.0,0.0,0.9393550838201074,1.0
HSC,CLEC4M,158.18289,0.27982825,0.0,0.0,0.9395925345490811,1.0
HSC,ZNF662,158.17577,0.035012588,0.0,0.0,0.96989124756613,0.06680207628074927
HSC,OR7E24,158.1752,0.82349706,0.0,0.0,0.9392601035285179,1.0
HSC,OR5I1,158.1752,1.430052,0.0,0.0,0.9392601035285179,1.0
HSC,SLC18A1,158.17111,0.38640115,0.0,0.0,0.9393075936743126,1.0
HSC,SLC6A5,158.1711,0.33252776,0.0,0.0,0.9393075936743126,1.0
HSC,MUC22,158.1711,0.3170453,0.0,0.0,0.9393075936743126,1.0
HSC,C11orf87,158.16927,0.2822037,0.0,0.0,0.9399724557154391,1.0
HSC,DSC1,158.16846,0.7226099,0.0,0.0,0.9394500641116968,1.0
HSC,OR8S1,158.16772,0.2688754,0.0,0.0,0.9394025739659021,1.0
HSC,CELF3,158.167,1.9738679,0.0,0.0,0.9392601035285179,1.0
HSC,SMIM21,158.16628,1.9107357,0.0,0.0,0.9392126133827231,1.0
HSC,OR13H1,158.16628,2.3076272,0.0,0.0,0.9392126133827231,1.0
HSC,MAGEB10,158.16434,0.25223947,0.0,0.0,0.9394975542574916,1.0
HSC,ZPBP2,158.16219,2.6588962,0.0,0.0,0.9392601035285179,1.0
HSC,TEX13A,158.15736,0.9341212,0.0,0.0,0.9392126133827231,1.0
HSC,HRH3,158.15736,1.8420023,0.0,0.0,0.9392126133827231,1.0
HSC,ANP32D,158.15614,0.23494633,0.0,0.0,0.9395450444032863,1.0
HSC,VAX1,158.15399,0.29639262,0.0,0.0,0.9393075936743126,1.0
HSC,ZNRF4,158.15327,0.38645494,0.0,0.0,0.9392601035285179,1.0
HSC,TUNAR,158.15327,0.29484987,0.0,0.0,0.9392601035285179,1.0
HSC,UGT2B15,158.15276,0.22462977,0.0,0.0,0.9396400246948758,1.0
HSC,C10orf71,158.14508,0.25585917,0.0,0.0,0.9393075936743126,1.0
HSC,CABS1,158.14435,1.9225534,0.0,0.0,0.9392126133827231,1.0
HSC,OR4B1,158.14435,1.641114,0.0,0.0,0.9392126133827231,1.0
HSC,HMGB4,158.14435,0.31667426,0.0,0.0,0.9392126133827231,1.0
HSC,OR5J2,158.14435,0.36904138,0.0,0.0,0.9392126133827231,1.0
HSC,OR4S2,158.14435,0.33709398,0.0,0.0,0.9392126133827231,1.0
HSC,FAM205A,158.14435,0.3284192,0.0,0.0,0.9392126133827231,1.0
HSC,NPAP1,158.14099,0.25451878,0.0,0.0,0.9393075936743126,1.0
HSC,ZNF479,158.14026,0.28054044,0.0,0.0,0.9392601035285179,1.0
HSC,ST8SIA3,158.14026,0.37196058,0.0,0.0,0.9392601035285179,1.0
HSC,WFDC8,158.14026,0.2860361,0.0,0.0,0.9392601035285179,1.0
HSC,DYNAP,158.13689,0.23796842,0.0,0.0,0.9393550838201074,1.0
HSC,OR5L2,158.13544,0.38252804,0.0,0.0,0.9392126133827231,1.0
HSC,CNPY1,158.13544,0.29887664,0.0,0.0,0.9392126133827231,1.0
HSC,CD200R1L,158.13544,0.27135628,0.0,0.0,0.9392126133827231,1.0
HSC,GPRC6A,158.13544,0.370171,0.0,0.0,0.9392126133827231,1.0
HSC,DSG4,158.13544,0.26299012,0.0,0.0,0.9392126133827231,1.0
HSC,TMEM225,158.13544,0.37541693,0.0,0.0,0.9392126133827231,1.0
HSC,MAGEA12,158.13544,0.2781279,0.0,0.0,0.9392126133827231,1.0
HSC,PRR30,158.13544,0.25859475,0.0,0.0,0.9392126133827231,1.0
HSC,CRYGB,158.13544,0.3584932,0.0,0.0,0.9392126133827231,1.0
HSC,CHRM1,158.13544,0.25567186,0.0,0.0,0.9392126133827231,1.0
HSC,OR52L1,158.13544,0.3022484,0.0,0.0,0.9392126133827231,1.0
HSC,SLC36A2,158.13278,0.2527787,0.0,0.0,0.9393550838201074,1.0
HSC,GAD2,158.13206,0.24436171,0.0,0.0,0.9393075936743126,1.0
HSC,KNCN,158.13206,0.21520801,0.0,0.0,0.9393075936743126,1.0
HSC,ARHGAP36,158.12726,0.2953217,0.0,0.0,0.9392601035285179,1.0
HSC,CSTL1,158.12724,0.26275164,0.0,0.0,0.9392601035285179,1.0
HSC,LCE1A,158.12244,0.30333182,0.0,0.0,0.9392126133827231,1.0
HSC,F8A2,158.12244,0.34150657,0.0,0.0,0.9392126133827231,1.0
HSC,TMEM174,158.12242,0.26243624,0.0,0.0,0.9392126133827231,1.0
HSC,SCRT2,158.12242,0.22897252,0.0,0.0,0.9392126133827231,1.0
HSC,CCDC185,158.12242,0.30259177,0.0,0.0,0.9392126133827231,1.0
HSC,C16orf82,158.1176,0.18705054,0.0,0.0,0.9391651232369284,1.0
HSC,TEX13B,158.1176,0.34894377,0.0,0.0,0.9391651232369284,1.0
HSC,CHAT,158.1176,0.34288487,0.0,0.0,0.9391651232369284,1.0
HSC,CSAG1,158.1176,0.30657515,0.0,0.0,0.9391651232369284,1.0
HSC,LCE3D,158.1176,0.19163737,0.0,0.0,0.9391651232369284,1.0
HSC,KRT83,158.1176,0.20089927,0.0,0.0,0.9391651232369284,1.0
HSC,PPP3R2,158.11424,0.18405369,0.0,0.0,0.9392601035285179,1.0
HSC,AMER3,158.11351,0.2467516,0.0,0.0,0.9391651232369284,1.0
HSC,IL37,158.10942,0.26239493,0.0,0.0,0.9392126133827231,1.0
HSC,SOWAHB,158.10942,0.20711826,0.0,0.0,0.9392126133827231,1.0
HSC,SFTPB,158.1069,0.19838135,0.0,0.0,0.9398299852780548,1.0
HSC,MMP13,158.10532,0.19316915,0.0,0.0,0.9392126133827231,1.0
HSC,TNP1,158.1046,0.19513412,0.0,0.0,0.9391651232369284,1.0
HSC,CTXN3,158.1046,0.161165,0.0,0.0,0.9391651232369284,1.0
HSC,OR6C2,158.1046,0.18822098,0.0,0.0,0.9391651232369284,1.0
HSC,ALPI,158.1046,0.19620134,0.0,0.0,0.9391651232369284,1.0
HSC,NR2E1,158.1046,0.18023176,0.0,0.0,0.9391651232369284,1.0
HSC,SPAM1,158.1046,0.32571447,0.0,0.0,0.9391651232369284,1.0
HSC,KLK2,158.09729,0.1691042,0.0,0.0,0.9397350049864653,1.0
HSC,PNPLA5,158.0964,0.27665418,0.0,0.0,0.9392126133827231,1.0
HSC,SAG,158.092,0.24343635,0.0,0.0,0.9404473571733866,1.0
HSC,CLDN17,158.09158,0.181173,0.0,0.0,0.9391651232369284,1.0
HSC,APOA2,158.0834,0.17021374,0.0,0.0,0.9392126133827231,1.0
HSC,ASB18,158.07858,0.17052582,0.0,0.0,0.9391651232369284,1.0
HSC,CCL22,157.97736,0.15714663,0.0,0.0,0.9394500641116968,1.0
HSC,SUMO4,157.18764,0.38609183,0.0,0.0,0.955406753098732,1.0
HSC,THOC3,155.70341,0.105034254,0.0,0.0,0.9739279099586836,0.07601745279470398
HSC,IRF8,155.65343,0.06889287,0.0,0.0,0.9089139003656741,0.04216504927405401
HSC,ZSCAN9,155.34843,0.017477335,0.0,0.0,0.927007645913473,0.05318588730911006
HSC,NAA80,154.7222,0.05562738,0.0,0.0,0.9581136914090326,0.07041299932295193
HSC,DUSP2,153.76599,0.03878973,0.0,0.0,0.9569739279099587,0.0723313021891221
HSC,PPOX,153.41676,0.0021576504,0.0,0.0,0.9568314574725745,0.07376062589332731
HSC,PRKAB1,152.43388,0.022445453,0.0,0.0,0.9576387899510852,0.07725870759046115
HSC,C12orf50,152.36615,0.28428167,0.0,0.0,0.9257729021228095,1.0
HSC,RBMXL3,152.30556,0.7463063,0.0,0.0,0.9237308258536354,1.0
HSC,PLSCR5,152.3044,0.39582095,0.0,0.0,0.9236833357078407,1.0
HSC,ODF4,152.2889,0.28210676,0.0,0.0,0.9237783159994302,1.0
HSC,SMOX,151.44283,0.018828245,0.0,0.0,0.9139953459657121,0.05747385842172572
HSC,SLC38A5,150.68422,0.012668803,0.0,0.0,0.9574488293679062,0.08214849921011058
HSC,SLC25A45,150.54305,0.007950344,0.0,0.0,0.9282898798499312,0.06744151056947266
HSC,FYB1,149.34558,0.36280513,0.0,0.0,0.9206914565227715,0.06747912435116227
HSC,RFC4,148.68513,0.08288547,0.0,0.0,0.9738804198128889,0.09632889490709395
HSC,ARRDC1,147.27365,0.011686476,0.0,0.0,0.9756850453530892,0.10099300383660573
HSC,YDJC,143.756,0.04173206,0.0,0.0,0.9772522201643159,0.11227713834348906
HSC,MIF4GD,140.17441,0.07088456,0.0,0.0,0.9771572398727264,0.12318513503347626
HSC,TOMM34,139.61732,0.04690296,0.0,0.0,0.9006506149973881,0.08651169788610547
HSC,C15orf39,139.48062,0.011710818,0.0,0.0,0.9179370280666762,0.09587752952681862
HSC,SLC2A1,139.11763,0.00073916424,0.0,0.0,0.9140903262573016,0.0944105920409238
HSC,WDR54,135.84041,0.021582365,0.0,0.0,0.9754475946241155,0.1358985932445648
HSC,ISG20,134.71849,0.14772923,0.0,0.0,0.9823336657643539,0.1378921236741142
HSC,PATZ1,133.37244,0.02615921,0.0,0.0,0.9053046492852733,0.10859098773790717
HSC,GSTM2,128.46538,0.1735033,0.0,0.0,0.9385002611958019,0.1395847438501467
HSC,STRADB,127.88603,0.01996444,0.0,0.0,0.919836633898466,0.13300233205446477
HSC,S100A8,124.24778,0.052295916,0.0,0.0,0.9228285130835352,0.1392838335966298
HSC,ELANE,122.52662,0.1020598,0.0,0.0,0.9575438096594957,0.1585797036034003
HSC,TRMT1,120.91889,0.043757915,0.0,0.0,0.9663769767773187,0.1814488828706838
HSC,STARD3,120.43643,0.026430845,0.0,0.0,0.9797691978914376,0.18442037162416308
HSC,C2orf68,114.886284,0.07604533,0.0,0.0,0.9273400769340362,0.18065899345520198
HSC,VASP,114.711365,0.027292052,0.0,0.0,0.9680866220259297,0.1997291807718348
HSC,PRPS2,114.661736,0.061265294,0.0,0.0,0.9807190008073324,0.20815466787030767
HSC,NHLRC3,108.368195,0.0051356917,0.0,0.0,0.9806715106615377,0.2285413375460769
HSC,TRAPPC6A,96.05476,0.07757937,0.0,0.0,0.9848031533456808,0.27898141879184535
HSC,COMMD7,89.18378,0.07430971,0.0,0.0,0.936220734197654,0.2834198450312194
HSC,CNPY3,85.53622,0.10005328,0.0,0.0,0.9304744265564895,0.2884977055593169
HSC,PTP4A1,75.62515,0.47892964,0.0,0.0,0.95108514983141,1.0
HSC,SLC9A4,67.90305,0.31021056,0.0,0.0,0.9399249655696443,1.0
HSC,CTCFL,67.80904,0.27863896,0.0,0.0,0.9398299852780548,1.0
HSC,LRMDA,54.867702,0.1689743,0.0,0.0,0.9214038087096927,1.0
HSC,IQGAP2,48.767174,0.34930286,0.0,0.0,0.9532222063921736,1.0
HSC,CD74,47.723347,0.4853474,0.0,0.0,0.9184594196704184,1.0
HSC,PTPRC,46.882286,0.35033357,0.0,0.0,0.9441515885453768,1.0
HSC,NKAIN2,45.694542,0.14834306,0.0,0.0,0.9678966614427507,1.0
HSC,PLCB1,45.043934,0.10085251,0.0,0.0,0.9201215747732345,1.0
HSC,RNF220,44.359653,0.16087824,0.0,0.0,0.9381203400294439,1.0
HSC,ARHGAP15,42.49564,0.21200496,0.0,0.0,0.9729306168969939,1.0
HSC,CDK6,41.98986,0.3988635,0.0,0.0,0.9305219167022842,1.0
HSC,EEF1G,41.931656,0.1408694,0.0,0.0,0.9797691978914376,1.0
HSC,RUNX1,40.78505,0.11720918,0.0,0.0,0.9592059647623118,1.0
HSC,VAV3,38.78559,0.32321164,0.0,0.0,0.9276250178088047,1.0
HSC,LRBA,38.778835,0.13297275,0.0,0.0,0.9746402621456048,1.0
HSC,MSI2,38.42391,0.13634758,0.0,0.0,0.9820012347437906,1.0
HSC,SIK3,38.385887,0.07297218,0.0,0.0,0.9489955834164411,1.0
HSC,CHST11,38.26221,0.18632789,0.0,0.0,0.9467635465640879,1.0
HSC,MEIS1,37.378345,0.10979651,8.785805871967238e-306,1.1021070382457303e-305,0.9445789998575296,1.0
HSC,ETV6,35.013706,0.21363956,1.3919306365980712e-268,1.7213924079903854e-268,0.9649522724034763,1.0
HSC,FBL,34.01559,0.053098623,1.3104279812232426e-253,1.6113152570537566e-253,0.971220971648383,0.5830888437523508
HSC,GTF3A,33.459286,0.012973327,1.886049548651816e-245,2.312010293816092e-245,0.9908818920074085,0.5713533438651922
HSC,SERPINB6,33.345314,0.022293594,8.517795087429203e-244,1.0434429188221752e-243,0.990976872298998,0.5886556834424133
HSC,MED12L,32.55723,0.35400715,1.6543005626853586e-232,2.0151799382367044e-232,0.9015054376216936,1.0
HSC,INPP4B,32.384922,0.26459917,4.475409850477746e-230,5.446919676946624e-230,0.9316616802013582,1.0
HSC,TBC1D5,32.297977,0.121314175,7.467285169430518e-229,9.083358219658751e-229,0.9024077503917937,1.0
HSC,ELMO1,31.42886,0.15908712,8.16495785275143e-217,9.882021415153781e-217,0.9792942964334901,1.0
HSC,LRRFIP1,30.566126,0.26799297,3.4527217641872384e-205,4.159830691571569e-205,0.9133304839245856,1.0
HSC,TAOK3,29.17559,0.21731363,3.957410222334569e-187,4.73717478051614e-187,0.9108609963432588,1.0
HSC,HBB,28.945196,0.25011787,3.2255642081139954e-184,3.8554954084523335e-184,0.9189818112741606,1.0
HSC,NRIP1,28.84701,0.1331223,5.523798374613656e-183,6.596437412587511e-183,0.9733105380633519,1.0
HSC,CHRM3,28.602428,0.27676103,6.267392235397195e-180,7.4765034334400805e-180,0.9078691171581896,1.0
HSC,CALN1,28.470188,0.25749743,2.741337124573707e-178,3.267604263448702e-178,0.9386427316331861,1.0
HSC,ANKRD28,27.975769,0.16337797,3.2039393386361235e-172,3.8089424549975566e-172,0.9603932184071805,1.0
HSC,PNN,26.83293,0.06343016,1.3345294566241039e-158,1.5749002311924352e-158,0.9865602887400864,0.6371022342586323
HSC,SH3BGRL,23.174,0.08671514,8.329795181242185e-119,9.6179903248577e-119,0.9118582894049485,0.6605732340329497
HSC,RERE,22.915524,0.07275736,3.253531866276952e-116,3.750922831255737e-116,0.9436766870874294,1.0
HSC,SSBP2,21.998905,0.06278675,2.950104103663353e-107,3.379285121221899e-107,0.9799591584746166,1.0
HSC,SF1,18.212269,0.075817026,4.1249485643979195e-74,4.629174554344862e-74,0.919456712732108,0.7507334687429474
HSC,ARID1B,18.082302,0.075168476,4.393503413955542e-73,4.927183732866798e-73,0.9627202355511232,1.0
HSC,HNRNPA1,17.898525,0.1679505,1.2108546693706057e-71,1.3568405035996142e-71,0.9712684617941777,1.0
HSC,GAPDH,17.883509,0.11927585,1.585373833113261e-71,1.7759614553221427e-71,0.9803390796409744,0.9572331302189122
HSC,NPM1,17.644104,0.11666451,1.129507687987164e-69,1.264350206238922e-69,0.9804815500783587,0.9476416158880614
HSC,TKT,17.435163,0.07218708,4.46281065052187e-68,4.986301824238434e-68,0.9035000237450729,0.7205296020461898
HSC,FOXP1,17.224897,0.08072303,1.727329617495702e-66,1.928273918589958e-66,0.9665669373604977,1.0
HSC,COX5A,16.79181,0.0004563437,2.801729056274896e-63,3.118778652530723e-63,0.9934463598803248,0.6393214473783194
HSC,ENO1,16.750872,0.07442072,5.580285310750008e-63,6.21022864079332e-63,0.997008120814931,0.8413826826149101
HSC,SET,16.504929,0.10375485,3.3813288880960554e-61,3.758166873035812e-61,0.9492330341454148,0.8095614233054992
HSC,APEX1,16.033632,0.057618458,7.4404097452647e-58,8.244716575520392e-58,0.9652847034240395,0.6311216429699842
HSC,HINT1,15.96057,0.15977548,2.4052469902679013e-57,2.66443499917187e-57,0.9394975542574916,1.0
HSC,EIF3L,15.496123,0.038009156,3.684653499326407e-54,4.0689605123930944e-54,0.9758275157904734,0.7606258933273151
HSC,RBMX,15.334147,0.03171751,4.521714597033245e-53,4.989354133719261e-53,0.9219736904592297,0.7347852253065523
HSC,HNRNPD,15.039073,0.00791955,4.0721513390682755e-51,4.484240918208139e-51,0.9043073562235836,0.7212442638982923
HSC,PABPC1,14.955901,0.12437659,1.4253860809617333e-50,1.5688643893188264e-50,0.989457187633566,1.0
HSC,LDHB,14.722947,0.10871703,4.59202491582773e-49,5.049015260521361e-49,0.9042598660777889,0.760738734672384
HSC,HSP90AB1,14.085867,0.047470495,4.6392756052102627e-45,5.082064303617633e-45,0.9809564515363062,1.0
HSC,PTMA,13.828548,0.080403894,1.7144415284096044e-43,1.8735209211365806e-43,0.9923540865270456,1.0
HSC,HNRNPC,13.755925,0.075820886,4.6923644662310795e-43,5.126826861213876e-43,0.9062544522011683,0.8238922741292409
HSC,ATP5MC2,13.353927,0.12633616,1.1236605297967587e-40,1.224064947605447e-40,0.9659020753193712,0.8885503648536824
HSC,ACTB,13.287317,0.053578317,2.7423618060900454e-40,2.985060412050082e-40,0.9949660445457568,0.9902204167607012
HSC,SRSF5,13.269511,0.05218433,3.478419844738395e-40,3.7855738906613955e-40,0.9604407085529753,0.8716241630933574
HSC,TALDO1,12.890612,0.0710103,5.083897090952757e-38,5.519161204586018e-38,0.996248278482215,0.754645302038667
HSC,EIF4B,12.870681,0.036984846,6.581928780955727e-38,7.144588396208097e-38,0.9899795792373083,0.8023771910027834
HSC,SRRM1,12.631759,0.019405374,1.4108945426643646e-36,1.5294799193639848e-36,0.912523151446075,0.717407658165952
HSC,SERP1,12.259225,0.022193985,1.4992737158066157e-34,1.6224585505767069e-34,0.9950610248373463,0.7682614910103062
HSC,EIF3H,11.751462,0.0452639,6.940718749762263e-32,7.488069154368657e-32,0.9287172911620839,0.807643120439329
HSC,EEF1B2,11.473068,0.10879989,1.8015686947736765e-30,1.9406228051534836e-30,0.9784394738091846,1.0
HSC,NAP1L1,11.351889,0.09981235,7.257790667118432e-30,7.812849165302237e-30,0.9278624685377784,1.0
HSC,HNRNPH1,11.286396,0.028403623,1.531893943934134e-29,1.6478689716666493e-29,0.9069193142422948,0.7452794703979538
HSC,HMGB1,11.217496,0.06815788,3.346119175499275e-29,3.597297570559708e-29,0.9893622073419766,0.9533212969231927
HSC,EIF3E,11.078406,0.074067675,1.5968960642935092e-28,1.7147232572222645e-28,0.969701286982951,0.8910704882268863
HSC,GABRA5,10.739587,0.3404216,6.634059427789737e-27,7.106625804567297e-27,0.9413021797976919,1.0
HSC,SARAF,10.723038,0.019450694,7.935318563691025e-27,8.49855838809176e-27,0.9056845704516313,0.738584217257203
HSC,SFPQ,10.6504345,0.012741963,1.7355296484914282e-26,1.8578327648984174e-26,0.9232084342498932,0.816632814263146
HSC,CELF2,10.636075,0.08185435,2.02480595491163e-26,2.1669798298321226e-26,0.9283373699957259,1.0
HSC,RACK1,10.593791,0.07113041,3.1842913870379835e-26,3.40686868804853e-26,0.9944911430878093,0.9906717821409765
HSC,MED13L,10.387512,0.106854595,2.826285423838185e-25,3.0184654668735597e-25,0.9107185259058745,1.0
HSC,MBNL1,10.347223,0.052817963,4.308005364517489e-25,4.598214924975721e-25,0.9764448876858052,1.0
HSC,ZFP36L2,10.151618,0.0599114,3.259156631244474e-24,3.4735697610810444e-24,0.9830935080970699,0.9479425261415783
HSC,HMGN2,8.730391,0.08952378,2.5379416682275543e-18,2.674398119327394e-18,0.9049722182647101,0.7412171819754758
HSC,NCL,8.574282,0.017044837,9.97073836703914e-18,1.049578980069372e-17,0.9965332193569835,0.8624464003610923
HSC,BTF3,8.381748,0.04033971,5.214732106169202e-17,5.4810162988246505e-17,0.9870826803438286,0.9696080643947943
HSC,JMJD1C,8.360948,0.042391587,6.221636820000502e-17,6.538194049506297e-17,0.9330388944294059,1.0
HSC,B2M,8.344076,0.030954164,7.177299456328201e-17,7.541601777217587e-17,0.9991926675214893,0.9958248702324531
HSC,PSME1,7.990999,0.023819692,1.3384919115766346e-15,1.4034045273965402e-15,0.9950135346915515,0.7452042428345745
HSC,NACA,7.9365706,0.042130288,2.0784807642457418e-15,2.1789003872159867e-15,0.996058317899036,0.9877379071691867
HSC,RBM39,7.917744,0.048971247,2.4185814127792355e-15,2.5346958124860446e-15,0.9328964239920217,1.0
HSC,PFN1,7.887325,0.085407406,3.0873341858465208e-15,3.234802876692348e-15,0.9989077266467208,0.8896035507409915
HSC,EEF1A1,7.8433256,0.037794903,4.387690971407605e-15,4.5970049916008436e-15,0.999240157667284,1.0
HSC,COX4I1,7.685542,0.033052955,1.5235046919180486e-14,1.594515503829483e-14,0.9901220496746925,0.9276686978108779
HSC,PPIA,7.4718986,0.037902378,7.904587667986981e-14,8.262470738636131e-14,0.9988127463551313,0.9434664861205145
HSC,HLA-B,7.2398024,0.035721853,4.493397710746588e-13,4.689769282384332e-13,0.9971980813981098,0.8253592116151358
HSC,UQCRH,7.198335,0.02675089,6.095212395402224e-13,6.360114276707031e-13,0.9963907489195992,0.8289325208756488
HSC,ACTG1,7.1176286,0.032813728,1.0979990411065598e-12,1.1450561428682697e-12,0.9974355321270836,0.9795757165425412
HSC,PLXDC2,6.9044285,0.004843983,5.040588199308561e-12,5.249630094248984e-12,0.9099586835731586,1.0
HSC,KLF6,6.341614,0.012767158,2.2737090521123139e-10,2.3594180431996504e-10,0.915515030631144,1.0
HSC,CD164,6.3349752,0.14490707,2.373793930255918e-10,2.4631339331555766e-10,0.9165123236928338,1.0
HSC,UBB,5.771844,0.013994305,7.84086945503147e-09,8.107042671235302e-09,0.9945861233793988,0.9460242232754081
HSC,FOXN3,5.4049635,0.016267104,6.482154846440973e-08,6.687248771952008e-08,0.9343211283658641,1.0
HSC,ARPC2,4.989366,0.0034453343,6.057781511177915e-07,6.236246555983385e-07,0.996818160231752,0.8298352516361995
HSC,EEF2,4.4461994,0.0021402857,8.740289715708266e-06,8.960946373112853e-06,0.9981003941682101,0.9700970435567592
HSC,CFL1,-2.8339846,0.00044648838,0.004597155880748008,0.00467019650040945,0.9982428646055943,0.9272173324306026
HSC,ARPC3,-5.8490396,0.014680368,4.944197935508922e-09,5.1146777381044964e-09,0.9966756897943677,0.8196795305800045
HSC,PRDM7,-9.859235,0.23090953,6.252413764945765e-23,6.646852932948357e-23,0.9394500641116968,1.0
HSC,OR4C13,-12.884056,0.38945428,5.53482858827454e-38,6.008338005730177e-38,0.9391651232369284,1.0
HSC,SLC35F1,-68.07518,0.18720251,0.0,0.0,0.9053521394310681,1.0
HSC,FBXO16,-88.99688,0.4217895,0.0,0.0,0.9502303272071045,1.0
HSC,OR5K4,-93.64792,0.38700408,0.0,0.0,0.9398299852780548,1.0
HSC,PROP1,-93.75491,0.38816744,0.0,0.0,0.9395450444032863,1.0
HSC,HS3ST4,-93.77275,0.38836533,0.0,0.0,0.9394975542574916,1.0
HSC,DMRTC2,-93.80841,0.38873568,0.0,0.0,0.9394025739659021,1.0
HSC,SERPINA9,-93.80841,0.38874573,0.0,0.0,0.9394025739659021,1.0
HSC,OR2Y1,-93.82625,0.388919,0.0,0.0,0.9393550838201074,1.0
HSC,MAGEB3,-93.82625,0.38892433,0.0,0.0,0.9393550838201074,1.0
HSC,TNP2,-93.84408,0.3890969,0.0,0.0,0.9393075936743126,1.0
HSC,OTX2,-93.86191,0.3892513,0.0,0.0,0.9392601035285179,1.0
HSC,SNCB,-93.86191,0.38925466,0.0,0.0,0.9392601035285179,1.0
HSC,CCDC105,-93.86191,0.421033,0.0,0.0,0.9236833357078407,1.0
HSC,OR10J5,-93.86191,0.38925824,0.0,0.0,0.9392601035285179,1.0
HSC,OR4Q3,-93.86191,0.3892495,0.0,0.0,0.9392601035285179,1.0
HSC,IRGC,-93.86191,0.3892476,0.0,0.0,0.9392601035285179,1.0
HSC,NRXN3,-146.60904,0.15525807,0.0,0.0,0.9567839673267797,1.0
HSC,METTL13,-179.86856,0.37745294,0.0,0.0,0.9420620221304079,1.0
HSC,ZZZ3,-180.06471,0.37969276,0.0,0.0,0.9415396305266657,1.0
HSC,UTP14C,-180.45703,0.38418707,0.0,0.0,0.9404948473191813,1.0
HSC,FADS6,-180.5997,0.32879955,0.0,0.0,0.9398299852780548,1.0
